,PC1,PC2,PC3,PC4,PC5,PC6,PC7,PC8,PC9,PC10,PC11,PC12,PC13,PC14,PC15,PC16,PC17,PC18,PC19,Varianza Spiegata (%)
ROA(C) prima degli interessi e della svalutazione,0.20036807351550542,0.05038872118951589,-0.07117053825592688,-0.06710353938616972,0.027663280037659266,0.02592311470761229,-0.11198365511844167,-0.010175363627162119,-0.014554869568480065,-0.010564398589060312,-0.0642911007424061,0.12540775362429926,-0.041622772605728615,-0.043564716463121295,-0.05192381784887493,0.000552671126333382,-0.044419204739767716,0.00709629786851815,-0.04960812078165755,
ROA(A) prima degli interessi e dopo le tasse,0.2042765816596921,0.07049539390398861,-0.07292376195217187,-0.05653895976849105,0.04311302089777052,-0.006268155924949493,-0.03168346503441901,-0.07512875874931224,-0.02483522310437486,0.05945157905908208,-0.08148910026056308,0.106371517858479,-0.050175597832684764,0.03801873776713877,-0.08118013923685297,0.03822501363482202,-0.013716927142834526,-0.027064720967316058,0.02070425427374933,
ROA(B) al lordo di interessi e ammortamenti dopo le imposte,0.19779345842433396,0.05785498289785629,-0.07371891422459143,-0.07876106423710699,0.03774053751215625,0.0238109284128894,-0.10639950505125784,-0.03471617751921223,-0.020168681246463795,0.009721810160990014,-0.10237535393759264,0.1348166736486372,-0.03802721575315808,-0.02738168748926921,-0.06893525536032934,-0.0006254317207094762,-0.044947555169004075,-0.04218206293401425,-0.01795273611305649,
Margine Lordo Operativo,0.14104668632511613,0.04579732516917712,0.05560004541501473,0.059788209367627104,-0.002940504160701518,0.1300304079258257,0.1359045652660823,0.09417446387096046,0.3477988302397029,-0.09310928479547242,-0.03981416773136345,-0.03606185227720238,0.022535405388690755,0.10235175129896282,0.014585463660592657,0.042406848198534415,0.03830873139018558,0.026178305141358535,0.00917768222242836,
Margine Lordo sulle Vendite Effettive,0.1408893561269538,0.04534639793209694,0.05624204288242343,0.060053928603551854,-0.002581886087886287,0.12867594911033567,0.1358038633677418,0.09506111275656023,0.3475122258169127,-0.09374968548309508,-0.03999991285156863,-0.035059087846209244,0.02312901594858229,0.104338082128733,0.01333331266658866,0.04306495935762932,0.040909258048801876,0.026613054039887746,0.01002087118506892,
Margine di Profitto Operativo,0.12773776598991848,0.09656503461445154,-0.11847483865089053,0.03770284484707548,-0.03753387427414028,0.21105561271955925,0.08299600105616811,0.018240127055220746,0.12667256119780324,0.12187191629139416,-0.06331090172567591,-0.025389521735295018,0.034694196477041514,-0.057477883528988805,-0.05903155213162855,-0.15112785156684996,-0.016687717406340917,-0.07425924291354541,0.10279291887860155,
Aliquota di interesse netta ante imposte,0.1547916018633904,0.11365960958090446,-0.09162302649978993,0.037951112099591455,-0.029806911776936118,0.1488075550896049,0.21247645548188404,-0.0867177014390749,0.028667909198218704,0.1639588144935556,-0.01520881656649481,-0.12595700295951962,-0.04339623802665146,-0.0659918123609026,0.06007595123484871,-0.07431141901397043,-0.010912167987872548,-0.010239662024327606,-0.004779461365962322,
Tasso di interesse netto dopo le tasse,0.1534614209128202,0.11665111845506576,-0.09425187868885732,0.03288552385697863,-0.026973711998369176,0.14773424676340852,0.2151366392163523,-0.09397770805733294,0.02154642535919008,0.1705486996549585,-0.025644273941667413,-0.12076833329354897,-0.04222563310145825,-0.06481358320092188,0.054742012654530756,-0.07216235447470272,-0.016197625175055033,-0.026667686779529548,0.0009981000152075453,
Entrate e spese/redditività non legate all'industria,0.11681227596035673,0.08290750908659594,-0.024885254406098428,0.02204493381465697,-0.009135744913428778,0.021177079614952105,0.25568489255209725,-0.15816059632917742,-0.0847224869034166,0.13759372396789438,0.04092662040308026,-0.17615040255000897,-0.10554900155841725,-0.04667668362382987,0.1574701724953825,0.03664726021800155,-0.0002900172944005769,0.060224136095170626,-0.11380878085377161,
Tasso di interesse continuo (al netto delle imposte),0.14747584793612803,0.0967925625876583,-0.11362813542322309,0.035694992568016976,-0.04073100039600008,0.19022054781091613,0.10209476717474797,-0.05081105611654904,0.060606039638647885,0.15399838136306282,-0.08168457192214437,-0.08536533965957745,-0.012866241928040159,-0.15485787555559094,0.0743939758039072,-0.131874551821843,-0.07515263259786767,-0.048166158685390634,0.0013596167181469387,
Tasso di Spesa Operativa,0.03261393825254747,0.028099736959814492,-0.12665148071691604,0.011783903440936744,-0.03474616858106938,-0.021303034565537088,-0.08599972071061088,-0.11888169707150842,-0.17116085983308985,0.010141683600055636,0.08834400863475014,-0.08878826385211439,0.10562293851835658,-0.09422865195014765,-0.03365498849526047,0.005246998799819291,-0.004393150357375031,0.03018599605825349,0.08239613245431646,
Aliquota delle spese di ricerca e sviluppo,0.021220236845616792,-0.013170769677789178,-0.015742133192361805,0.01638405341028193,-0.04319594622246903,0.013839303207267117,0.041175736733131574,0.07324127149978027,0.006918807551409195,-0.09085656444371759,0.1366313202368578,-0.0724542132773161,-0.18761913592117518,-0.2765173040037305,-0.18308033629572384,-0.17917200763395952,0.2288432551868624,0.19354196596119103,0.017120164318520523,
Tasso di flusso di cassa,0.10303526466201704,0.016187367625685425,0.09176789100083835,-0.047657424245987484,-0.05029768895446102,0.30943644541802173,-0.07036097891619333,0.18691858388678267,-0.14176933039190587,0.06748716221924422,0.05904451976705305,0.05342886916492909,0.07323566875401849,0.05571086993548616,-0.025762399102460365,-0.11519657103861808,0.05702036417931855,-0.0055658912047485895,0.04735774438458498,
Aliquota degli interessi sul debito,0.023566822161317866,-0.011059611065975047,0.051200546754033245,0.017192034573275776,-0.012231046489929127,-0.0028269213251527203,0.02084939499801504,0.024791864215100906,0.0004091252583061644,-0.024051309917291014,-0.025786349894633798,0.02560971002179266,-0.015813610199688938,-0.19236603627985194,-0.1019195297070924,0.0009602585814594894,-0.07430153448537438,0.25256507647145227,-0.057957418361033776,
Aliquota fiscale (A),0.09455175192820077,0.02496958422273997,-0.035125667510893514,0.0033003036082396024,-0.022379048795292438,-0.036519287922149105,-0.0646533818208064,-0.006400948990379018,0.0033839340811011587,-0.12040858125809031,-0.011915113030245686,-0.010433832151989703,-0.012988964339589706,-0.05138749228795228,0.12435789888630377,-0.01693240210119839,0.010104801309193723,-0.06588974243543534,-0.10532111914107603,
Valore Netto per Azione (B),0.18932228650919403,0.02719749388575029,-0.016492615355784338,-0.0077146845755520065,0.02675413473218803,-0.144863501705253,-0.11727443779331717,-0.0029165888133930173,-0.02854305595073131,-0.09432267042340796,0.013892275193349013,-0.0794467944430088,0.020134909480026636,-0.028213516235123193,0.09462761929620311,-0.05512775844449353,0.09805835627457163,0.006176585158850421,0.004297005908915602,
Valore Netto per Azione (A),0.18932386500324078,0.026414573786795882,-0.015623263486261694,-0.004979304224437453,0.024996123510437594,-0.14429614441271935,-0.1165977710600627,-0.0028987785230468743,-0.02621934798526151,-0.09081422120194371,0.01604811554416191,-0.08045237325699828,0.018502818666523216,-0.027323109572390855,0.09773685609010008,-0.057497995884621664,0.10017646611035114,0.007366199657018919,-0.00019056295921036914,
Valore Netto per Azione (C),0.18899067029321903,0.026244151583608318,-0.015819254885960008,-0.005972144028844924,0.02585419055729017,-0.14493409103765517,-0.11595236690083549,-0.0031792261539212996,-0.026270763327546964,-0.09202231621965226,0.014517531771227069,-0.07973082456120459,0.02026155266290345,-0.02288104125762902,0.0956754694785169,-0.056793712141515816,0.10237725844008366,0.004225987934028577,-0.0004646056665242593,
EPS persistente nelle ultime quattro stagioni,0.20213138779207843,0.015203786539054102,-0.021129618123261463,-0.037733080180900616,0.03490115352070704,-0.10133577239087994,-0.1278003539861297,0.04384623890117678,0.02689918170721639,-0.005893718699685191,0.044368349731270296,0.05094810135418548,0.03775060876655324,-0.0874736400954706,0.009094009288583671,0.021981853752759913,-0.037004553028205586,0.018842874663896746,-0.09937300741588237,
Flusso di cassa per azione,0.09425378643183735,0.02169439027270342,0.05013630338563235,-0.127667011585701,-0.042022115582708984,0.1281822808693403,-0.1296686192709003,0.22915774494366764,-0.05552478499141458,-0.07511880049740327,0.17377709037957728,-0.05726695892223041,-0.2358341502452697,0.04214257095966112,-0.050935519954236536,-0.021186366023440914,-0.051996772742820885,-0.09411461986251493,0.04072421079869826,
Entrate per azione (Yuan ¥),0.03197182842763858,0.10239498453330029,-0.16172563400961942,0.22412691866830872,-0.1599200304820787,0.009977122740255187,-0.11776538452467639,-0.15008721233523564,-0.10809891244881972,-0.15568556478555606,-0.0014477937156517906,-0.028584171614515146,-0.0068291237212069755,0.0008513088595641094,-0.06876725738015232,0.08566428041729915,0.034742234633310776,-0.04415084372365732,-0.06362194363360552,
Profitto Operativo per Azione (Yuan ¥),0.18480963524215646,0.009065036279511036,-0.0682768236638901,0.0355209199499391,-0.01643518670602924,-0.039099661996171764,-0.11445046776584897,0.07998959064748537,0.09496154426066458,-0.11878265443456637,0.0510160198005053,0.04978307395786119,0.1668692084303851,-0.020976799848638178,-0.14317710104517578,0.017216094378525212,-0.032108172651255235,0.023862126251221256,-0.05710245302200884,
Profitto netto per azione prima delle tasse (Yuan ¥),0.20716718292244163,0.02645507699751614,-0.024633728412306533,-0.028637856377615498,0.03220573810127157,-0.10728166299327377,-0.09226765861026126,0.02196016482262718,0.019215422713060475,0.0018166009761837187,0.06863149080256797,0.030603231403591197,0.00894839418086485,-0.05442319730108386,0.0021627288011376727,0.04742322490644458,-0.011174630614267711,0.04451138364781912,-0.08213271582131892,
Tasso di crescita del margine lordo delle vendite,0.008155114470733145,0.0075604070470267955,-0.016403836727925825,-0.005568827534188205,-0.0021107152885529398,0.027622026853163333,0.02190700247306472,0.030746360713086424,0.03439612215146705,0.0019230181591580464,0.0505727864573125,0.018273445475123495,-0.044446035247790505,-0.025919956783908127,-0.26372722867823817,0.013486477450667587,-0.02205898175470889,0.19759002795223407,0.10916468728600742,
Tasso di crescita dell'utile operativo,0.06005553868671464,0.07681143218109157,0.02275487686005915,0.01673661993106295,0.010077813568197792,-0.028640112131117387,0.30385737059041684,-0.09352126659965117,-0.07854207059922474,0.04714698968526742,0.1830800772040863,-0.08782485959848904,-0.07890012318083794,0.20049597535931435,-0.05952643960381854,0.08261311311674388,0.13951437143931084,0.05015447628327972,0.005475210527894819,
Tasso di crescita del profitto netto dopo le tasse,0.035000100616323616,0.03907014445067312,-0.013153329185355854,-0.01627886403422543,0.016393616161879565,-0.026041692197346457,0.22895284171956262,-0.193914543607257,-0.007588573149982398,-0.23819721148523837,0.3528012053641237,0.3575158094297693,0.008034772020761971,0.03189477648730388,0.046881103435634626,-0.13773612543164465,-0.10246613396575796,-0.012568264592521243,0.09495691018360403,
Aliquota crescita regolare del profitto netto,0.03509594967477991,0.039184294084325194,-0.013359646616205707,-0.01640446184006245,0.01644768188442825,-0.02592276734141103,0.22882707691643403,-0.19408294143251603,-0.007258752110623104,-0.2379538783000272,0.3528844270793962,0.35773259130526225,0.008343541624429518,0.03158755067062741,0.04633004950984451,-0.13788917571651235,-0.10252474203078216,-0.012091685766261222,0.09421874302904257,
Tasso di crescita continua del profitto netto,0.011991187733619306,0.0058336914425247115,0.0013271283859997178,-0.01631537726213318,0.020661929003462764,-0.024721352957401306,0.06895120913775135,-0.0547225610787705,0.04920211796035114,-0.09892105089060642,-0.01645327850082219,0.14613494657545809,0.04845362753586735,-0.03296041219454815,0.08853883944871924,0.0039080953297531695,0.03360960334738966,-0.113298529125453,-0.0683429597023378,
Tasso di crescita totale degli asset,0.06802041223161079,0.030616309881153977,-0.05506067167233477,-0.023198798324391985,0.020755990761292337,0.05634161077930654,-0.013362570237033489,0.015388401650963682,0.03346679299055281,-0.11953405948783612,-0.0005555123041211876,-0.08948010565236739,-0.2105759500825503,0.11658294606625519,0.126897947019848,0.0069030949604728855,0.12985816346788143,-0.20066809804592703,0.15062217332449873,
Tasso crescita valore netto,-0.029266662237447307,-0.03567848099525134,-0.03520680687340837,-0.01281510842552848,-0.01034751682762982,0.0998877613768489,0.002374163215724243,-0.021573713566199918,0.014319187904110202,-0.13705926717169245,-0.06940603109774442,-0.004157259055376072,0.13999268176926832,-0.0744944152354916,0.13941331868138335,-0.14990227714298118,0.029315111577946945,-0.12067139615506664,-0.324665645960878,
Tasso di crescita del rendimento totale degli asset ,0.14433327231807533,0.05434730841692662,-0.09698968637352365,-0.08150723228220236,0.05749325570388131,0.006772489976937095,0.011317793360426346,-0.07648184212195279,-0.03639490225799818,0.14050189498770455,-0.0301250684282345,0.16195721389885329,-0.10182099288500368,0.010337178553945343,-0.1832130860451202,0.09599084947094759,-0.13490890331792835,0.014418744144051025,0.040543361416001567,
Percentuale di reinvestimento del contante,0.021269414134240924,-0.03521648152007908,-0.0664816731703008,0.023938554794105404,-0.09401644917744152,0.21615145597938693,-0.008577894897871042,-0.03488079866681305,-0.12251821688214105,-0.17077034171920913,-0.04749982503350409,0.034587694705881446,-0.10244681223002439,0.2739968983293632,-0.16062113267011377,0.033839831651440236,-0.13876555394257772,0.20263432994559682,-0.03448630620631565,
Rapporto Corrente,0.09517903033445617,-0.07116140129928607,0.29961683976603953,0.07969319227911612,-0.0569968779416376,0.07492361495495112,0.004339332309431693,-0.0900020016128721,-0.04925832943368273,-0.0008666765522216166,-0.06922033549293244,0.014039478366858552,0.12079574686995763,-0.03045421950662233,-0.063283016280796,0.07500362971563046,-0.02002446099568537,-0.022836749514020427,0.0034605147121652136,
Rapporto Rapido,0.09296998779422201,-0.06430621618618719,0.29477913982828696,0.0643656884358053,-0.07454460913088427,0.10941637391597185,-0.0031656904881449377,-0.12434922208938694,-0.040352075954424214,-0.027773415415397084,-0.04735957838359717,0.040920622743038586,0.09713055152311927,-0.09587415817240226,0.003503441861029282,0.05943511630814702,-0.012668673741564704,-0.06054245460826492,0.02288924526192497,
Rapporto Spese Interesse,0.006553212113444494,0.0038304535740905352,-0.015465087999550152,-0.04663373192171891,-0.014371979575784542,0.026523793780171515,0.001837973077582724,0.03210650952449128,0.0529529030782114,0.0639692065150942,0.011138592010723257,0.0568643295795144,0.013953629062892174,0.2735720222171185,0.1103533361961792,-0.01749987719842424,-0.08315263404833889,0.06065757657120467,-0.3616239861073293,
Debito totale/ Patrimonio netto totale,0.011730012550830853,-0.03802702999946108,0.18376082340475353,0.00934966561234798,-0.038382633161484804,0.18946522664066284,-0.10651074448097142,-0.18923166160715044,-0.08580649759970341,0.2027288845851167,0.10164077655681872,0.14639586245493338,0.21040706655498317,-0.05921951526871679,0.005682443554098579,0.03124898866772033,0.13153667639152963,-0.0198503893817362,-0.028963383413481838,
Rapporto debito %,-0.15669490620068832,0.06127436488389303,-0.20229509731705098,0.03522342631337983,0.005441006430722861,0.0761802536046284,0.023326336114491607,-0.009040360732111263,0.05446462125571115,-0.0005203971021858049,-0.061021681981567204,0.09123400468053328,0.14943617401219236,-0.023767763719083693,-0.12750106278968082,-0.051854753357458185,0.04235059304746992,-0.07237319991243661,0.03326363159905138,
Patrimonio netto/Attività,0.15669490620068832,-0.061274364883893144,0.20229509731705084,-0.035223426313379706,-0.005441006430722884,-0.0761802536046284,-0.02332633611449156,0.00904036073211145,-0.05446462125571128,0.0005203971021860241,0.06102168198156747,-0.09123400468053319,-0.14943617401219197,0.023767763719083547,0.12750106278968074,0.051854753357458,-0.04235059304746973,0.07237319991243635,-0.033263631599051165,
Livello di idoneità dei fondi a lungo termine (A),-0.001880794439691176,0.005272976690344952,0.0020440806212977847,0.18522853576534776,0.3688766074913277,0.102327800039324,-0.035387466807342734,0.004917975376362325,-0.047883877786383984,-0.02832554805763563,0.033695843016477656,-0.01937252707280146,-0.015075909826609784,-0.03952892210286946,0.02528695652930388,0.0051825099222133075,-0.04166772578779156,0.015661618284155333,-0.0022777363661539863,
Indebitamento da prestiti,-0.07029333291347294,0.3068492326104793,0.11135818688202291,-0.02651834266030102,0.018188795379090267,-0.044482458759205826,-0.02994545062625884,0.050472977828458075,0.012705808337418157,0.007779550253917689,0.008582610920060822,0.010467735176494799,0.06745829481852046,-0.0180110532426265,-0.05291516659447214,-0.013261969216087799,-0.0620041799925055,-0.05310810363817247,0.020193294381261905,
Crediti in sospeso/Patrimonio netto,-0.046014823011007906,0.2390192549802308,0.06192218037573961,0.015466638796949709,-0.03155449475214923,0.04537884508475925,-0.07403771049981932,-0.08713892779126153,-0.08922088861087395,-0.12223602547647722,-0.19051764805664495,0.051409533425018465,-0.1424718773023603,0.026318654701925903,0.09081492843057844,0.021505967676829538,0.12578985894558056,0.2239012243145807,-0.0645047403068887,
Profitto operativo su capitale versato,0.18492957824445555,0.00871403459381598,-0.06863471619086034,0.035835937742079216,-0.01668932167539384,-0.03992126407827927,-0.11418782805431982,0.08060853857196876,0.09324140481756438,-0.11657789240558329,0.0523828880998288,0.05150371279730903,0.16440269370525568,-0.022611454607829273,-0.1434785527002128,0.017163716932555254,-0.03300280828837106,0.021654132135742687,-0.05765926660140944,
Profitto netto prima delle imposte / Capitale sociale versato,0.20716507716138566,0.02426012620976221,-0.022931974068328878,-0.029095612855342054,0.03307943122797023,-0.11228303181018089,-0.08746226415122868,0.025541290256652444,0.01252637421710951,-0.0003155694614392534,0.06929710853166905,0.033650083347410216,0.012457714901944144,-0.05680306578631637,0.0045828191370466224,0.05279957900008991,-0.008781985747636865,0.042117530717567145,-0.08117333069162767,
Inventario e crediti commerciali/Valore netto,-0.041323506336359596,0.21143316250621458,0.08831010672141332,0.020045208074702562,0.044295626959987705,-0.1356074556597946,-0.032878586818716575,0.13427199594922545,0.10404551246719095,0.1380400987169782,0.14897895256447183,-0.019883980138313096,0.20564637097162392,-0.03211980863461312,-0.07588717159849319,-0.07869699601121942,-0.07710009926496449,-0.23021094378625476,-0.024662792506694613,
Rotazione totale degli asset,0.031440293595937634,0.08240307487217034,-0.11520212367669046,0.2502924813781484,-0.1888544769206847,0.023036343335950234,-0.07953824106323554,-0.07372251771376513,-0.10284904319004809,-0.09654665547217801,0.11173611212812402,-0.0774319293593949,-0.05987500999767561,-0.04284551174106565,-0.045102699229276885,0.10753626740760949,-0.04183548449795826,-0.1438802991694227,-0.0624539307711816,
Rotazione dei crediti,-0.00565309694026688,0.011965284894159324,0.0013878970526699376,0.17497038147937496,0.3777823977322449,0.10631591920920576,-0.0374530732777573,0.004053427366795734,-0.05428956635559967,-0.04305056983725071,0.01662705212310514,-0.02176068399280929,-0.009624737724510201,-0.038015222912948045,0.00424169003301174,0.016024790032499313,-0.03918093997184113,0.007400555060970086,-0.005185282579526954,
Giorni medi di incasso,-0.0022160044225385564,0.00552666105570995,0.002099548284219006,0.18309876516201978,0.3783285856499841,0.10272648714615162,-0.03279370965622555,0.0035628196898857965,-0.04543010833911439,-0.039237965525274754,0.027229865179442304,-0.021325139811701047,-0.018493538745117173,-0.04022186703541795,0.01455539650068631,0.0006603565871478156,-0.027944090599475363,0.004977488952038367,-0.015910200668945176,
Rotazione dell'inventario (volte),-0.003408656562522699,-0.013448462585718078,0.04366768600724842,-0.024106808562426123,0.005459660128873148,-0.053580392258480325,0.14111146373774872,0.007279608034765823,0.04644162738231873,0.05222886684689164,-0.100502575172998,0.06631526432776638,-0.11100119903751739,-0.21116399522899781,-0.17039664797209253,0.14508829536256188,-0.34356153026324826,0.12086031119463336,-0.14699096429930303,
Frequenza del turnover degli asset fissi,-0.023840317849287036,-0.029337430757746294,-0.005432705329487279,-0.19895728577570254,0.07031187754901436,0.08160857480481457,0.010517037062374066,-0.06313738897795894,0.012985551517079653,-0.006017792988089539,0.014937734649701896,0.02054574560650395,0.06026846728737067,0.09416303843464853,0.07194044488945554,-0.07253518299919112,0.14935648398915438,-0.02278364605635433,-0.3697134904124397,
Net Worth Turnover Rate (times),-0.059257026787272946,0.09079998212328537,-0.14253084364230736,0.21619477787402,-0.16848459745130903,0.1542206981668707,-0.015993916109696873,-0.16489780637715723,-0.10247242726131724,-0.1738411045604504,-0.1020771268184828,0.005150920602195963,-0.0287346166478056,0.04629332179931361,-0.05892800952239251,0.036181865402530405,0.028863831489826956,0.0415983684280966,-0.07588132635019423,
Entrate per persona,0.017063574017360316,0.037941343501417764,-0.11915293250360905,0.1463590187942929,-0.08115173966185983,-0.021588525199207734,-0.12759002983123105,-0.07201526730011086,-0.09324573775603451,0.09673355862559968,0.009079107749611171,-0.11902606042828802,0.25031702500919156,0.27087946136255897,0.07610316505742487,-0.02812381265968039,-0.13107531204012052,0.17970336095185557,0.16082365466294646,
Profitto operativo per persona,0.12454654494901538,0.054511409040253575,-0.07970414183056578,0.044544572916165696,-0.011825559313568646,-0.06526754299498884,-0.023948098358378838,-0.017507187538488213,0.1096975774341272,-0.029759851581429467,0.025438248394106414,0.0157504171374253,0.3247016195780661,0.010030267767805303,-0.011995693370574257,-0.04621771147348987,-0.0968326011246402,0.16148747238634703,-0.04342392561708136,
Tariffa di allocazione per persona,-0.0022160044144803434,0.005526661091124025,0.002099548250104581,0.1830987651161656,0.37832858565821065,0.10272648722635284,-0.032793709680129984,0.0035628196584700663,-0.045430108367880556,-0.0392379655161928,0.027229865194620204,-0.02132513989789871,-0.01849353860816098,-0.04022186703693931,0.014555396499930262,0.0006603566896364946,-0.027944090724383044,0.004977488983793334,-0.015910200726466154,
Capitale circolante su attivo totale,0.13639347310354508,-0.06043091066799558,0.1562658424272452,0.17521162993934034,-0.04069203426277498,-0.1425358558531988,0.08584809148264291,0.04579068618455313,-0.06907156513609379,-0.0300879396370287,-0.06416131115826505,-0.08910722310694405,0.009289386843329932,0.07387943361880765,-0.15115067606882635,0.0448557193879743,-0.0057033800010811405,-0.02715512255477616,0.0069213409230906055,
Attività rapide/Attività totali,0.045814127901901563,-0.029706825050769506,0.04793308375355715,0.2845457862688513,-0.1791656149742598,-0.06916681269339284,0.05443199476645629,0.032397243883718105,-0.014799277689870709,-0.08323698039032094,-0.021722207752484107,0.06190990832617765,-0.12626272345315617,-0.10653812906277386,0.011271841824382539,0.0003972654743934628,0.04935579730325881,-0.14734880891142813,0.052002840813144185,
Attività correnti/Attività totali,0.0290493775283745,-0.020562813522249722,-0.0039782466006809455,0.34914857821563494,-0.07311983612353906,-0.13636949329040313,0.03566045114748103,0.06427590195916823,0.020482582980048576,0.10988055836183044,-0.06466891690386228,0.05712164069875066,0.02585197196172452,0.07124643525549638,-0.15470605261620946,0.0008519240970506908,0.046318434442536575,-0.02689617637452893,0.008684801346718451,
Cassa/Attività Totali,0.07566060807458179,-0.03075467053598134,0.11763847058600894,0.14121054726619836,-0.0992929332580297,-0.03069814916026371,0.0317248104930367,0.14832787100404002,-0.0905598708838892,-0.16468481910931038,-0.07294238765180236,0.0609059195825939,-0.09938434360503066,-0.11500985869173513,0.08796946189193404,0.06960216050419149,-0.1300927859837839,-0.11535704941884377,0.02400514489462413,
Attività rapide su passività corrente,0.08856951298692456,-0.0694644090384214,0.3021455096378121,0.06977835094344798,-0.07673692624682611,0.09927619808580142,0.0018828642820913053,-0.11658161260898355,-0.03848829495912623,-0.037752328565237636,-0.04354451020013112,0.03922314181402753,0.09402464891628727,-0.08740398270293497,0.009852797836392707,0.0628187885625009,-0.006023673695320115,-0.05610985817699031,0.017269754025285505,
Cassa/Passività correnti,-0.018492609791342273,-0.011078057212189333,-0.000275560624959278,-0.001367689861057881,0.09338051474031045,-0.03398758762026059,-0.037119010996088046,0.029559344088088347,0.04780587954351494,0.009235520559335055,-0.05224179512540352,0.16848908690703024,0.0511673763342873,0.36223533175623257,-0.15609388234965943,-0.021632643638097183,0.15967396981243734,-0.1169178756765088,0.07796051404405963,
Passività correnti su attività,-0.13110608044430128,0.049376565774127544,-0.1924069941985471,0.18474550713610938,-0.033881851528684614,0.01694656672456529,-0.06284055404278753,0.017734793361324136,0.10625246348903467,0.16062439412823243,0.0039098048301861804,0.17183985274154548,0.018108655237436985,-0.008145965464242679,0.006538361860099948,-0.05297178916131551,0.05931595979152282,0.00219133579559399,0.0015134249581874037,
Rapporto tra Fondi Operativi e Passività,0.09499035123704344,0.011601286938520939,0.09204274658170526,-0.029375971126191017,-0.05825822562443668,0.29332682162289786,-0.10586436272410955,0.18656888725138482,-0.16483652048820469,0.11464716954587532,0.08778097046442732,0.10638352966935088,0.04246115254437767,0.06345107822031193,-0.021305407237666926,-0.09006133145124628,0.05936592295126886,-0.006649568705718981,0.025541932597070785,
Inventario/Capitale circolante,-0.013549091589604528,-0.0037092868729322135,0.01857491804157301,0.04900781252772973,-0.00014274878663364139,-0.03173673562277138,0.04557753470217637,0.020990838824378022,0.04949907464848801,0.08152662894462909,-0.053098841112083225,0.08239390445500487,0.05665280733204325,0.045169421998435974,-0.0057814703611562355,0.11930893971413935,-0.039117715450450154,0.07734351568705604,0.044496748549493634,
Inventario/Passività corrente,0.000929906832601515,0.021798190912343304,-0.043423565336252856,-0.0471910450031403,0.008695955851912424,0.09986100101596658,-0.030635090190187005,0.02439070532717693,0.13569717279145074,-0.07989740266482419,0.044727925780243996,0.06200048377390494,0.04324608077098287,-0.02990523568652271,0.1778711572612401,0.5478163855597805,0.13597139288877969,0.020006525550485255,0.25550983407288114,
Correnti Passività/Passivo,0.0031447997591103455,-0.0049372081066544225,-0.009709862730133556,0.27231288450571944,-0.08481107800190334,-0.05095316120792561,-0.14545572592534056,0.07120266379471579,0.10312721367009646,0.2542029316752096,0.11725677440105663,0.1985770239181689,-0.17894845912429908,0.03759220665906181,0.19288163589043789,0.0016713974641176382,0.02129162016368162,0.08595917375467231,-0.0465389647970533,
Capitale circolante/patrimonio netto,0.06734515705737966,-0.3003015359963471,-0.08333748455446321,0.012486454283712086,0.02207749204959405,-0.03787925967908767,0.041264632362097466,0.04729453236906717,0.04865482490003316,0.07840969250980347,0.09879412091245382,-0.037758315190042455,0.09427226734417093,-0.009197286184535011,-0.06393732324095976,-0.01388292089742832,-0.06389901539191044,-0.14213346554633768,0.03767966463337086,
Passività correnti su patrimonio netto,-0.06754252533767513,0.3159258664584625,0.10772369542603262,0.00797113679251807,-0.0007355874950267596,-0.04265177134178347,-0.0443393311481906,0.031896569980051845,0.012298263079765007,0.010469907957683175,-0.008727756199739332,0.021589192843172206,0.02081801697646999,-0.01933193720418763,0.015115611314296206,-0.026320859667233062,0.013533787831682482,-0.012282037655361417,-0.03623445905692688,
Debito a lungo termine su attività correnti,-0.010761570310603446,-0.0032611121653405035,-0.010243462930119815,-0.014008754424615735,0.005875587651105155,-0.008098644691475544,0.008507752097609027,-0.005750337706641238,0.002416852032467873,0.11072572806401504,-0.000209631414618938,0.11381616689822427,-0.1254880916721001,-0.0667898008042332,0.05986477532645671,0.0012261879076340652,-0.16232095578369132,0.10171784812807472,-0.018947440897672627,
Riserve utili su attivo totale,0.18111138785534409,0.06042744004617616,-0.0659612561467394,-0.04198344406850845,0.04509545510218119,-0.06044112974378916,-0.039388410699437215,-0.09762952368893572,-0.027238377568140067,0.025320165809330244,-0.13847864014378486,0.05091019761206154,-0.0552790219280334,0.05491168279089195,-0.008660970377468682,0.028619243985884738,0.0989205368114507,-0.09877541622796165,0.03883314690804652,
Reddito totale/Spese totali,0.17343254417584641,0.037323026091608535,-0.03903802064433497,0.011485532965633306,-0.012032242472622879,-0.036146968033372036,-0.04681753510607757,-0.002316933581389738,0.037154027647052265,-0.07643871534949957,-0.03768574718649293,-0.0929394814476118,0.15885666968757192,-0.041122178729339015,0.14720342243063966,-0.13240071381570206,-0.03269008669060775,0.11777512458849888,0.08586642637362224,
Spese totali/Attività,-0.13498577554937355,-0.045330241554786654,0.0878020758217861,0.1367092726103464,-0.11205443058616589,0.0681102373246081,0.011329513696758381,0.19331919775939976,0.16677310085345443,-0.155254520781922,0.10879225706949155,-0.09925263371390901,0.04192662730756848,-0.08511682396037656,0.006395918241989929,-0.05256475873634025,-0.08824667468435791,-0.04407434377959368,-0.007575021292016923,
Indice di Rotazione dell'Attivo Corrente,-0.01608363054222973,0.04493674437915323,-0.0906569810457223,-0.004226017150702781,-0.04470012520509979,0.0835844549151564,-0.0815469435217128,-0.05408581637067418,-0.0658017955554365,-0.03918119828532498,0.32133463012106883,-0.2417083010734383,0.007115226372594719,-0.03518792157917413,0.019708832693537705,0.14965355997344318,-0.1104589716547427,-0.24906668877828791,0.00042910862558247567,
Velocità di rotazione rapida degli asset,-0.033652546483834075,0.04997869701821401,-0.1229270687321691,-0.005835326046358622,-0.032359294122468386,0.06842472080056256,-0.02163111322019382,-0.052070346147051215,-0.02839061496282827,0.1057943575164744,0.2514818859704676,-0.21637889751767625,0.16646649329060897,0.05499522999372343,-0.12682852121591354,0.2147298116893804,-0.1282853201149543,0.03204428959638385,-0.12648068957709238,
Rapporto di rotazione del capitale circolante,0.05065860340842376,-0.03400926333145416,0.14064422047288594,0.1293951816472574,0.13850022311892826,-0.1318366922151368,0.12850043642876263,-0.010478247978842245,-0.11141233765164162,-0.039370170670911406,-0.07670699247971895,-0.08369266214732209,0.05578526715044083,0.2395798978478067,-0.13137999538122236,0.030453583423881044,0.13729657091691558,0.018984749109255294,-0.012428632254029362,
Velocità di Rotazione del Contante,0.0020845283726316916,0.009942149759873271,-0.060902154308471325,-0.003860332437871291,-0.015985690003094497,0.04074711644560628,-0.015313724335510353,-0.03226112213854995,0.017861972180968168,0.030532236189917197,0.16793346431705636,-0.03910449943480516,0.06978869571083478,-0.1717425760987195,-0.16689755696225322,0.04284247942912095,0.4955682441848944,0.17100343838638857,0.1094307463264581,
Flusso di cassa su vendite,0.04046883086087439,0.05187216173656952,-0.059668031947025475,0.021036553707861717,-0.029647779461713382,0.010048812521600838,0.2798324813153871,0.21903699075039754,-0.268087883994264,0.0444266807282019,-0.049382429664025174,0.0805576017910762,0.17386217730860715,-0.06651889731674243,0.12919837298393935,0.13464227743262686,0.08937199330462267,-0.011378961281142394,-0.057072656199493775,
Attivi fissi su attivi,-0.002216004431649864,0.005526661103206547,0.0020995482408308406,0.18309876502152125,0.37832858568432476,0.1027264872734118,-0.032793709694064865,0.0035628196445506577,-0.045430108378028446,-0.03923796556533112,0.027229865217641456,-0.02132513989428377,-0.018493538641042643,-0.04022186712833852,0.014555396524068292,0.000660356732623324,-0.0279440907262085,0.004977488944302826,-0.015910200802369646,
Rapporto attuale di passività,0.0031447997591103447,-0.004937208106654436,-0.00970986273013352,0.27231288450571944,-0.08481107800190332,-0.05095316120792561,-0.1454557259253406,0.0712026637947158,0.10312721367009649,0.2542029316752096,0.11725677440105661,0.19857702391816887,-0.1789484591242991,0.037592206659061864,0.19288163589043789,0.0016713974641176244,0.02129162016368164,0.08595917375467232,-0.046538964797053384,
Passività corrente su patrimonio netto,-0.06754252533767513,0.3159258664584625,0.10772369542603262,0.00797113679251807,-0.0007355874950267596,-0.04265177134178347,-0.0443393311481906,0.031896569980051845,0.012298263079765007,0.010469907957683175,-0.008727756199739334,0.021589192843172206,0.02081801697646999,-0.019331937204187626,0.015115611314296201,-0.02632085966723305,0.013533787831682485,-0.0122820376553614,-0.03623445905692689,
Rap. Patrimonio a Passività a Lungo Term.,-0.06780872608754339,0.2553696656927231,0.07979676804487736,-0.045553167008270494,-0.0007861564577331759,0.02495220419863817,-0.045801064399923146,-0.01453823692143418,-0.0704352513672735,-0.10938265809048751,-0.11543919719615209,0.03485247235056148,-0.019729993254666522,-0.01052030926665377,-0.08869870306916146,0.03575481789229206,-0.06525335290088473,0.083124954744379,0.06986605517823007,
Cash Flow su Attività Totali,0.0626556177373995,0.04286013705184274,-0.06173839157329167,0.02200297780648174,-0.016185377922629612,-0.01216829124881879,0.22525930799432237,0.29225877484998175,-0.2804710444404621,0.00667840191881881,-0.025314243279430302,0.14215917803605826,0.17444505000820426,-0.03253300786147944,0.08864809327996148,0.11502783847694512,0.06662461434384855,0.000514400195531492,-0.039565326802352085,
Flusso di cassa sulle passività,0.016235252408871827,0.046664593558202114,-0.15800799351034098,0.0027085385482920688,-0.0006442024868035313,-0.036408765530226816,0.16470647820683207,0.3746531153400148,-0.23781505935527236,-0.0498269400969368,-0.06720444779834138,0.10144087816647794,0.07439536975851693,-0.026767417048794814,0.09815816985411893,0.04144478777426239,0.041548474538985324,-0.0030667555862280062,-0.012848485922321615,
Rapporto CFO su Attività,0.10407739147868748,0.03030437969832133,0.02350121458953421,-0.08920725864006379,-0.049770905151876106,0.22722874478964078,-0.12301528110342792,0.24882031148460465,-0.10471553957852749,-0.019199102994889323,0.13190021729853885,-0.03447945589762582,-0.16316650578098615,0.14566029485716778,-0.11750368514945245,-0.04720847338815095,-0.12125406378409573,0.02286769319891467,0.03818114365712072,
Flusso di cassa verso il patrimonio netto,0.038806737376110394,-0.2736750256766477,-0.12447492728229709,-0.0030962732469683447,0.0004129176253357908,0.03116945168879306,-0.02487701719493958,0.07691103704096364,-0.03003007179552724,0.04406341832175183,-0.054976810778226526,0.10225649571412168,0.03848062048832725,-0.09727199226790575,-0.021257205867262503,0.006886466617732144,-0.08372914340394712,-0.018947170217397395,0.0571249524796103,
Rapporto Passività Correnti su Attività Correnti,-0.10866583851034535,0.06338733919365869,-0.12723831581484107,-0.1357304069076139,0.028843164645062487,0.16204263859982582,-0.14488562458984083,0.008955732199662761,0.11545810947123794,-0.053044288936290596,-0.006173905030215562,0.14077807225611413,0.012366920333902017,-0.12253818322486598,0.20025797217050018,0.24972789780741872,0.05385993270064155,0.01902464025172603,0.06659724347855112,
Indicatore Passività-Attività,-0.07745436659078477,-0.1272602468050637,-0.10318032214896306,0.07899894131776655,-0.08491902805830291,0.21729101556049615,-0.06232781914492673,-0.037320252526709057,-0.0035711195742422447,-0.2343674831676852,-0.20777982860666927,0.023647668537023072,0.09763837170613164,-0.047339277437127854,0.023861398774960386,-0.131042828815063,-0.020653948960436406,0.06228864924540388,-0.08582718368292797,
Redditività sull'Attivo Totale (NITA),0.19620891506220012,0.058679699620435434,-0.06590613353212142,-0.057544660605278346,0.051911374273036326,-0.03085959403126439,-0.00967167027447658,-0.10867206523463023,-0.04110990828349714,0.06158787311393531,-0.09815340508949268,0.09823756220058188,-0.05996387524845264,0.06559571714820989,-0.052549775881383626,0.06844047580007091,0.04822558840007983,-0.03339428237551097,0.01032231190945216,
Totale attività rispetto al prezzo PNL,-0.03024935176394655,-0.028358652652314405,0.03863549974509507,0.03287987395757432,-0.020892690420425047,-0.02018587117941215,0.02263540187481018,0.10696683157549824,0.02397876884164482,-0.06509453552510812,0.23709927204324996,-0.07388889116209103,0.015854323930853297,0.03787116736661804,0.09304457359327147,0.04485490133245479,0.06236444199167293,0.4234052780463712,-0.21481606913820667,
Intervallo senza credito,0.01991485886910139,0.0005424530467847415,0.010919735473664744,-0.0033797368455094905,-0.017952719557888335,-0.03567558950537227,-0.030284377809612264,-0.016936774096802505,-0.0804777768839841,-0.026580771695577352,-0.059782404204338564,-0.110120893567503,0.11901114421954298,0.12263976301232106,0.33732523862075126,-0.166338263509206,-0.2376596487279986,0.19638394206701357,0.41461492120603033,
Utile lordo sulle vendite,0.1410487660467697,0.04579962537718119,0.05559963284994766,0.05978691529955219,-0.00294042285623976,0.13002257225538436,0.13590731630745312,0.09417910757167308,0.3477936980806792,-0.0931082333573578,-0.03982249521224591,-0.03605833543762565,0.02254463419541084,0.1023525711534925,0.014576569376750732,0.04241520627081394,0.038310308476143314,0.026189876102268358,0.009175377545014646,
Utile netto/patrimonio netto,0.07491045900112599,-0.2608666007028254,-0.12403439782088267,-0.0027287997776603537,0.009355589599864161,0.03578303339570285,-0.009536685140971385,-0.07246771689286055,-0.015845095800333896,-0.010204259166052648,-0.05941661701492013,0.031367275655444254,-0.046496857190885185,0.03503779407914528,0.06518677887185442,0.043802304341169634,0.10239879195324558,0.05238723420449267,-0.025076068205281604,
Responsabilità verso il patrimonio netto,-0.072350773138414,0.31989980134572676,0.10774587876203676,-0.008597340388414379,0.00015942788471990987,-0.027610485983366538,-0.047103551922751966,0.024035067718830155,-0.007439364311159172,-0.02042553082439818,-0.03470108041247792,0.025076208745056994,0.014883307662360082,-0.01816611132327558,-0.017506830153465647,-0.010234329448641402,-0.014943775780664295,0.008107678925339068,-0.006597777859693753,
Grado di leva finanziaria (DFL),0.0026758565815940783,0.007228033918027758,-0.021652667623819382,-0.048583027081960495,0.01854243184735917,0.02389791867812358,0.04039067928533622,-0.019444242921133236,0.05890304222793939,-0.03237272369865843,-0.03371250346876773,-0.03536394625338535,0.05412264078033341,-0.001733700437715374,0.0019261176917294992,0.3740621908694593,-0.1523304763958719,0.01616167031926414,-0.04858736426056527,
Rapp. di copertura degli interessi (interessi passivi/EBIT),0.011058139326042665,0.009420734605712331,-0.0227272935947406,0.058490884471573,-0.04534004443230066,0.0187329209895558,-0.055268452886981144,-0.025386747763213983,-0.025228339199518227,-0.03580021466771777,0.04778622794418103,-0.019036714138443277,-0.07443891437108169,0.20266992163821035,0.08326406987268611,0.0674294211412164,-0.02491186525209661,-0.17324270087930227,-0.2012624406424481,
Indicatore di Reddito Netto,0.0,0.0,0.0,-0.0,-0.0,0.0,0.0,-0.0,0.0,-0.0,-0.0,-0.0,-0.0,0.0,-0.0,-0.0,-0.0,-0.0,-0.0,
Capitale proprio/Passività,0.06603944122595173,-0.0658377436602478,0.28843818146329653,0.014275562232877475,-0.04706318852283912,0.16570546221897278,-0.09762721321421784,-0.165771685490722,-0.03793459824954227,0.12635923639309848,0.06354093077227857,0.08622487338054063,0.10807714893788882,-0.027069016748638732,0.06359421604675303,0.03431403387639837,0.03614230439303487,0.029947267711966985,-0.024832909519819528,
